submission_id,model,image_url,BLIP_result,created_at,CLIP_top_1_mod,CLIP_top_1_prob,CLIP_top_2_mod,CLIP_top_2_prob,CLIP_top_3_mod,CLIP_top_3_prob,CLIP_top_4_mod,CLIP_top_4_prob,CLIP_top_5_mod,CLIP_top_5_prob,SuSy_model,SuSy_correct,SuSy_dalle_prob,SuSy_midjourney_prob,SuSy_authentic_prob
1pnazwy,Art,https://i.redd.it/s3hlouwn3e7g1.png,a black cat with blue eyes sitting on top of a table,2025-12-16 23:50:58.620588,Impressionism,0.19268018007278442,Post Impressionism,0.14577341079711914,Symbolism,0.10729354619979858,Realism,0.08225661516189575,Expressionism,0.07103222608566284,midjourney,False,0.08228234946727753,0.8446440696716309,0.07307359576225281
1pnatzl,Art,https://i.redd.it/zi9h65bk3e7g1.jpeg,a black cat standing in the middle of a forest,2025-12-16 23:50:59.813846,Impressionism,0.15291261672973633,Expressionism,0.1345064640045166,Color Field Painting,0.11833524703979492,Post Impressionism,0.09800970554351807,Naive Art Primitivism,0.09062224626541138,authentic,True,0.11359327286481857,0.0546569898724556,0.8317497372627258
1pnaif1,Art,https://i.redd.it/a561ugrz0e7g1.png,a drawing of a woman in a jacket and a man in a jacket,2025-12-16 23:51:01.865741,Realism,0.39258384704589844,Color Field Painting,0.16254621744155884,Expressionism,0.09040427207946777,Action painting,0.08484584093093872,Contemporary Realism,0.049075305461883545,authentic,True,0.12562096118927002,0.05920056626200676,0.815178394317627
1pnacf5,Art,https://i.redd.it/lji8qb1a0e7g1.png,a close up of a figurin on a gold surface,2025-12-16 23:51:03.226131,Early Renaissance,0.2279568314552307,Expressionism,0.13675761222839355,High Renaissance,0.11789613962173462,Northern Renaissance,0.08203303813934326,Baroque,0.0674980878829956,authentic,True,0.1120503768324852,0.053604815155267715,0.834344744682312
1pnaau8,Art,https://i.redd.it/aamlzudxzd7g1.png,a close up of a piece of wood on a black background,2025-12-16 23:51:05.289817,Expressionism,0.4449104070663452,Symbolism,0.16504722833633423,Realism,0.14801347255706787,Abstract Expressionism,0.04141724109649658,Baroque,0.03658813238143921,dalle3,False,0.7814990282058716,0.11362355202436447,0.10487744957208633
1pk0m3d,dalle,https://i.redd.it/lvl3oeglhl6g1.jpeg,a demonic monster with red eyes in the middle of a cave,2025-12-16 23:51:06.190839,Symbolism,0.4155779480934143,Color Field Painting,0.14373409748077393,Expressionism,0.10467177629470825,Realism,0.06860142946243286,Contemporary Realism,0.05558198690414429,dalle3,True,0.8997204303741455,0.04806111380457878,0.052218470722436905
1pj04ew,dalle,https://i.redd.it/kqzhkfth2d6g1.jpeg,a red car driving down a road next to a mountain,2025-12-16 23:51:07.158197,Color Field Painting,0.5126482844352722,Pop Art,0.14335358142852783,Symbolism,0.06434082984924316,Contemporary Realism,0.050493717193603516,Art Nouveau Modern,0.04563385248184204,dalle3,True,0.7985878586769104,0.11938939243555069,0.08202280849218369
1piuqkn,dalle,https://i.redd.it/q4c7k96beb6g1.jpeg,a man walking down an alley with graffiti on the walls,2025-12-16 23:51:08.113349,Realism,0.506495475769043,Minimalism,0.13231408596038818,Contemporary Realism,0.08689814805984497,Expressionism,0.06699317693710327,Impressionism,0.03941059112548828,dalle3,True,0.8794657588005066,0.061695829033851624,0.05883849784731865
1pium5h,dalle,https://i.redd.it/ett60d02db6g1.jpeg,a man playing the piano in front of a bridge,2025-12-16 23:51:09.050156,Impressionism,0.24967461824417114,Romanticism,0.21721887588500977,Realism,0.20863360166549683,Post Impressionism,0.11200374364852905,Color Field Painting,0.0790601372718811,dalle3,True,0.8998088836669922,0.048009466379880905,0.052181608974933624
1pijytf,dalle,https://i.redd.it/8wraijsty86g1.jpeg,a boy sitting on the floor looking out the window at night,2025-12-16 23:51:10.047762,Minimalism,0.35862916707992554,Realism,0.18315362930297852,Color Field Painting,0.11736488342285156,Symbolism,0.08820468187332153,Expressionism,0.0539325475692749,dalle3,True,0.8332775235176086,0.09461306035518646,0.07210948318243027
1plfan8,dalle2,https://i.redd.it/7hi7f7wr7x6g1.jpeg,a man in a hoodie walking down a street at sunset,2025-12-16 23:51:10.975675,Realism,0.45748353004455566,Minimalism,0.14591878652572632,Symbolism,0.08671897649765015,Expressionism,0.07247072458267212,Impressionism,0.04593151807785034,midjourney,False,0.0810222253203392,0.8465108871459961,0.07246684283018112
1pn8ly4,midjourney,https://i.redd.it/xdnfg8fond7g1.jpeg,a woman in a white dress sitting on a bed of shells,2025-12-16 23:51:11.851957,Romanticism,0.25295382738113403,Realism,0.24378496408462524,Baroque,0.11952614784240723,Art Nouveau Modern,0.09960788488388062,Symbolism,0.05819201469421387,dalle3,False,0.8587163090705872,0.07392009347677231,0.06736362725496292
1pn510p,midjourney,https://i.redd.it/f3fc4awsrc7g1.jpeg,two children standing next to a snowman,2025-12-16 23:51:12.828081,Symbolism,0.2869548201560974,Minimalism,0.16854476928710938,Realism,0.1541181206703186,Naive Art Primitivism,0.08541935682296753,Color Field Painting,0.07029551267623901,dalle3,False,0.5581274032592773,0.3291018605232239,0.11277071386575699
1pn0sxe,midjourney,https://i.redd.it/9l5zaixldb7g1.jpeg,two people walking in the snow at night,2025-12-16 23:51:13.728137,Realism,0.2762879729270935,Romanticism,0.17247021198272705,Minimalism,0.1362360119819641,Color Field Painting,0.093636155128479,Impressionism,0.05566132068634033,dalle3,False,0.6609017848968506,0.21936775743961334,0.11973047256469727
1pmvgkr,midjourney,https://i.redd.it/tl8vzd5oy97g1.jpeg,a stuffed elf is hanging on a book shelf in front of a christmas tree,2025-12-16 23:51:14.703879,Realism,0.24072891473770142,Expressionism,0.1344304084777832,Color Field Painting,0.07379269599914551,Fauvism,0.049952805042266846,Contemporary Realism,0.04978466033935547,dalle3,False,0.8998651504516602,0.04797244444489479,0.05216236412525177
1pmv378,midjourney,https://i.redd.it/6bs92ksev97g1.png,a cat dressed as a witch flying through the air,2025-12-16 23:51:15.683138,Action painting,0.6967372894287109,Realism,0.14236146211624146,High Renaissance,0.03139406442642212,Impressionism,0.02315044403076172,Baroque,0.022783517837524414,dalle3,False,0.8242945075035095,0.10151036083698273,0.07419510185718536
